Entity Number;Razón Social;Tax ID;C.P.;Régimen Fiscal;Responsable de ventas;Días crédito marítimo;Días crédito aéreo;Días crédito terrestre;Días de crédito
924;MULLER TECHNOPLASTICS DE MEXICO;AEL571218HP7;54716;601;Itzel Laurean;45;20;15;45
;"FIBREMEX, S.A. de C.V.";CEM180528UG7;06030;601 - General de Ley Personas Morales;itzel.laurean@vermur.com;30;30;30;30
;UNORETAIL;;;;Nohema Sosa;;;;
0007;COMERCIAL DEL NORTE SA DE CV;AEL571218HP9;5471;999;Pedro Pérez;cuarenta;20;;contado
;TRANSPORTES EXTRANJEROS LLC;DE253556233;M6H 1C2;;;;;;
;CLIENTE QUE NO ESTA EN VERMUROPS;XEXX010101000;;616;Luis Renteria;;;;60
;;;99999;601;;;;;
;"EL ""GRANDE"" LOGISTICS, INC.";GRA180528UA3;64000;626;Gabriela Huerta;0;0;0;0
;Fibremex;CEM180528UG7;31000;612;Angel Luna;;;;90
